datetime,open,high,low,close,volume,signals,trade_type
2019-09-08,10000.0,10475.54,10000.0,10307.0,17920.664,0,
2019-09-10,10307.0,10382.97,9884.31,10159.55,19966.877,0,
2019-09-12,10163.06,10450.13,10042.12,10341.34,34862.355,0,
2019-09-14,10343.01,10419.97,10024.81,10302.22,41192.879,0,
2019-09-16,10302.0,10353.81,10080.7,10186.52,42705.244,0,
2019-09-18,10183.87,10331.62,9530.02,10245.3,47061.649000000005,0,
2019-09-20,10247.7,10279.3,9912.63,9983.33,46908.297,0,
2019-09-22,9992.7,10089.52,9620.0,9701.96,55843.416,0,
2019-09-24,9701.1,9792.83,8200.0,8430.07,77980.637,0,
2019-09-26,8428.15,8464.4,7700.67,8176.52,100100.598,0,
2019-09-28,8178.26,8311.0,7888.98,8041.96,69786.975,0,
2019-09-30,8042.08,8499.0,7709.01,8290.0,93625.324,0,
2019-10-02,8290.0,8386.0,8020.0,8220.27,63759.409,0,
2019-10-04,8219.95,8227.42,7979.95,8122.14,58683.117,0,
2019-10-06,8122.01,8330.0,7760.0,8186.88,104669.338,0,
2019-10-08,8188.55,8700.0,8103.88,8559.77,110168.808,0,
2019-10-10,8559.77,8788.0,8210.0,8255.58,113443.632,0,
2019-10-12,8255.54,8456.0,8137.3,8274.66,81582.427,0,
2019-10-14,8274.33,8408.62,8080.0,8160.01,148246.57,0,
2019-10-16,8160.55,8184.0,7900.24,8069.2,128789.054,0,
2019-10-18,8069.41,8117.3,7812.0,7947.13,153275.747,0,
2019-10-20,7947.78,8334.57,7871.17,8201.74,138592.43099999998,0,
2019-10-22,8201.0,8290.0,7172.76,7465.0,177991.019,0,
2019-10-24,7465.18,8800.0,7337.44,8650.0,231838.46,0,
2019-10-26,8650.0,10408.48,8626.89,9533.32,411705.18,0,
2019-10-28,9534.37,9930.13,9070.0,9415.02,280302.989,0,
2019-10-30,9415.02,9438.64,8933.0,9150.0,197300.902,0,
2019-11-01,9149.88,9375.0,9050.27,9287.8,143859.004,0,
2019-11-03,9288.96,9550.0,9073.0,9395.46,166046.079,0,
2019-11-05,9395.47,9457.13,9164.33,9343.6,187506.137,0,
2019-11-07,9344.29,9381.93,8669.85,8775.03,229240.729,0,
2019-11-09,8775.6,9187.0,8727.0,9041.31,157945.589,0,
2019-11-11,9041.31,9072.91,8552.12,8817.0,220894.308,0,
2019-11-13,8817.94,8838.0,8581.39,8642.25,145685.80599999998,0,
2019-11-15,8642.47,8780.0,8380.0,8491.06,194259.537,0,
2019-11-17,8491.18,8631.0,8050.0,8183.26,195629.408,0,
2019-11-19,8183.3,8230.0,8000.0,8094.05,198206.41,0,
2019-11-21,8094.57,8131.51,6762.73,7262.72,551503.14,0,
2019-11-23,7261.89,7345.84,6855.91,6900.86,323319.389,0,
2019-11-25,6899.77,7386.29,6510.19,7150.0,527950.008,0,
2019-11-27,7149.97,7669.2,6850.0,7415.79,472843.603,0,
2019-11-29,7417.0,7850.0,7394.57,7542.93,327785.578,0,
2019-12-01,7541.08,7541.08,7137.74,7291.0,340258.205,0,
2019-12-03,7291.74,7800.0,7070.0,7191.0,359578.951,0,
2019-12-05,7189.42,7602.44,7142.54,7522.1,312533.815,0,
2019-12-07,7521.13,7616.91,7376.0,7508.2,167589.12,0,
2019-12-09,7507.87,7676.48,7152.0,7220.98,263102.97,0,
2019-12-11,7220.92,7295.12,7080.0,7194.77,237914.832,0,
2019-12-13,7194.08,7298.0,7007.86,7061.34,178016.345,0,
2019-12-15,7060.79,7196.0,6831.0,6887.54,205531.123,0,
2019-12-17,6887.48,7479.99,6427.0,7277.44,494900.882,0,
2019-12-19,7278.11,7367.87,7042.82,7184.39,245299.132,0,
2019-12-21,7184.39,7517.61,7108.0,7502.92,174138.26,0,
2019-12-23,7502.92,7691.0,7156.08,7252.04,364379.791,0,
2019-12-25,7251.57,7438.8,7123.19,7197.46,230938.605,0,
2019-12-27,7197.84,7359.15,7078.89,7311.48,203577.492,0,
2019-12-29,7310.29,7527.0,7215.58,7240.43,196919.336,0,
2019-12-31,7240.8,7319.0,7141.0,7197.57,146004.766,0,
2020-01-02,7197.57,7407.28,6863.44,7341.72,323789.135,0,
2020-01-04,7341.6,7495.0,7269.21,7354.36,210352.005,0,
2020-01-06,7354.36,8215.33,7345.0,8152.49,448959.4790000001,0,
2020-01-08,8150.9,8468.42,7750.01,7818.59,508488.257,1,long
2020-01-10,7817.91,8292.19,7670.0,8020.56,418525.663,0,
2020-01-12,8020.58,8200.0,7956.28,8113.0,183211.328,0,
2020-01-14,8112.99,8921.2,8109.02,8825.3,528411.818,0,
2020-01-16,8825.35,9039.0,8596.25,8918.72,373676.649,0,
2020-01-18,8918.73,9205.3,8440.91,8705.85,340023.207,0,
2020-01-20,8705.98,8790.1,8448.6,8742.43,232738.828,0,
2020-01-22,8742.78,8820.0,8326.0,8409.6,257712.56,0,
2020-01-24,8410.0,8528.0,8247.0,8344.64,241747.105,-1,stop_loss
2020-01-26,8344.37,9015.48,8300.0,8913.61,290134.244,0,
2020-01-28,8913.61,9460.52,8905.0,9311.0,413928.189,1,long
2020-01-30,9311.23,9599.0,9210.42,9364.51,336781.56200000003,0,
2020-02-01,9364.5,9489.92,9160.01,9338.2,257443.262,0,
2020-02-03,9340.49,9647.61,9105.0,9198.35,306893.287,0,
2020-02-05,9198.32,9884.0,9179.88,9778.12,412868.064,0,
2020-02-07,9777.97,9956.0,9680.55,9906.43,259008.036,0,
2020-02-09,9906.09,10213.56,9750.0,9865.56,327649.75,0,
2020-02-11,9865.56,10479.98,9729.36,10339.99,349794.073,0,
2020-02-13,10339.64,10540.0,10101.0,10356.82,344028.463,0,
2020-02-15,10356.27,10389.75,9626.64,9921.86,293694.083,-1,stop_loss
2020-02-17,9921.87,10270.0,9461.89,10174.32,351457.548,0,
2020-02-19,10174.53,10286.0,9293.07,9601.99,330601.514,1,long
2020-02-21,9601.51,9759.59,9547.0,9659.2,157373.835,0,
2020-02-23,9658.95,10018.9,9487.38,9662.95,255100.029,-1,stop_loss
2020-02-25,9662.88,9686.78,8610.0,8792.22,435646.897,0,
2020-02-27,8793.96,8978.0,8450.0,8699.57,396704.598,0,
2020-02-29,8699.86,8799.83,8409.0,8537.84,277857.601,0,
2020-03-02,8537.84,8972.0,8504.95,8765.0,320418.08900000004,0,
2020-03-04,8765.0,9172.3,8669.23,9062.81,267302.743,0,
2020-03-06,9062.62,9204.0,8850.0,8897.18,240816.582,0,
2020-03-08,8895.62,8897.71,7635.21,7932.15,571806.135,0,
2020-03-10,7932.45,8156.31,7593.29,7938.39,477606.083,0,
2020-03-12,7938.39,7969.0,3621.81,5570.26,1720236.262,0,
2020-03-14,5569.84,5954.47,5040.0,5357.32,672554.351,0,
2020-03-16,5354.81,5529.98,4413.62,5307.38,1051463.89,0,
2020-03-18,5306.42,6400.0,4982.75,6159.6,901396.893,0,
2020-03-20,6159.41,6911.0,5650.0,6183.69,959577.665,0,
2020-03-22,6183.84,6619.9,5670.0,6463.84,880748.882,0,
2020-03-24,6463.21,6960.71,6369.0,6673.41,838653.095,0,
2020-03-26,6673.57,6840.0,6230.0,6353.64,539459.147,0,
2020-03-28,6353.64,6354.74,5857.6,5876.27,593280.104,0,
2020-03-30,5876.27,6606.15,5850.0,6407.1,649844.642,0,
2020-04-01,6407.1,7290.0,6140.0,6791.63,921851.03,0,
2020-04-03,6791.65,7049.11,6600.0,6851.1,731794.684,0,
2020-04-05,6851.4,7370.0,6668.02,7325.73,700555.521,0,
2020-04-07,7325.73,7457.0,7070.43,7357.66,752171.615,0,
2020-04-09,7357.15,7365.69,6741.0,6857.82,733787.034,0,
2020-04-11,6858.0,7173.98,6757.29,6900.52,545752.666,0,
2020-04-13,6900.19,6975.6,6558.0,6864.11,702400.2,0,
2020-04-15,6864.11,7190.92,6465.33,7098.15,841005.292,0,
2020-04-17,7098.15,7290.0,6981.0,7242.42,503146.772,0,
2020-04-19,7242.49,7258.42,6735.95,6825.29,662080.095,0,
2020-04-21,6825.28,7154.9,6759.16,7120.06,594506.691,0,
2020-04-23,7120.06,7802.38,7020.0,7504.11,750888.415,1,long
2020-04-25,7504.62,7722.33,7433.0,7694.17,513188.743,0,
2020-04-27,7693.63,7795.6,7623.98,7735.75,507988.93,0,
2020-04-29,7735.76,9479.77,7710.0,8624.76,1815409.28,0,
2020-05-01,8623.61,9065.0,8619.84,8975.18,713590.1140000001,0,
2020-05-03,8975.18,9200.0,8526.0,8873.98,891458.02,0,
2020-05-05,8873.99,9405.0,8766.12,9148.27,917673.93,0,
2020-05-07,9148.29,10080.0,9022.0,9807.49,1196954.4300000002,0,
2020-05-09,9809.63,9923.98,7940.0,8719.53,1254850.988,-1,stop_loss
2020-05-11,8723.23,9164.0,8151.12,8808.71,1174881.005,0,
2020-05-13,8808.71,9950.0,8790.04,9786.8,982247.438,0,
2020-05-15,9787.62,9843.5,9100.0,9374.99,791875.297,1,long
2020-05-17,9374.99,9958.67,9317.16,9731.1,664591.71,0,
2020-05-19,9731.11,9900.0,9281.42,9508.11,710737.435,0,
2020-05-21,9508.0,9573.0,8812.2,9166.4,737447.2660000001,0,
2020-05-23,9166.43,9300.0,8674.0,8711.37,541233.0380000001,-1,stop_loss
2020-05-25,8711.37,9011.82,8623.38,8837.05,578599.264,0,
2020-05-27,8837.88,9621.65,8811.0,9569.59,599666.372,1,long
2020-05-29,9569.58,9753.0,9317.42,9695.0,493925.357,0,
2020-05-31,9694.38,10497.25,9371.76,10232.48,553569.813,0,
2020-06-02,10232.41,10262.3,9264.15,9663.59,539557.929,-1,stop_loss
2020-06-04,9663.58,9884.0,9440.0,9617.29,501618.361,0,
2020-06-06,9616.64,9823.13,9373.0,9743.92,406513.016,0,
2020-06-08,9743.92,9890.0,9550.03,9771.66,366509.238,1,long
2020-06-10,9771.66,10015.99,9055.07,9278.03,597674.762,0,
2020-06-12,9277.72,9550.0,9238.0,9468.54,325060.415,0,
2020-06-14,9468.55,9490.83,8888.43,9422.01,557844.25,0,
2020-06-16,9422.01,9595.0,9231.03,9458.45,453190.637,0,
2020-06-18,9458.45,9483.85,9239.0,9307.0,377859.306,0,
2020-06-20,9307.0,9420.47,9165.0,9293.51,265061.848,0,
2020-06-22,9293.39,9795.0,9273.0,9631.66,425235.146,0,
2020-06-24,9631.65,9678.0,9005.0,9246.75,573016.753,0,
2020-06-26,9246.75,9297.16,8816.4,9008.0,487188.835,-1,stop_loss
2020-06-28,9008.0,9233.0,8932.68,9189.48,330503.416,0,
2020-06-30,9189.99,9293.0,9063.97,9233.29,305112.017,0,
2020-07-02,9233.29,9262.99,8936.0,9057.52,327694.857,0,
2020-07-04,9058.07,9194.0,8900.0,9071.86,239761.004,0,
2020-07-06,9071.87,9380.0,9058.1,9258.51,327477.803,0,
2020-07-08,9258.51,9470.0,9164.33,9236.28,358598.857,0,
2020-07-10,9236.29,9317.24,9121.42,9233.5,215826.395,0,
2020-07-12,9233.5,9349.0,9155.0,9241.2,263959.541,0,
2020-07-14,9241.18,9279.0,9116.0,9197.3,233811.986,0,
2020-07-16,9197.75,9223.0,9044.02,9151.69,229030.034,0,
2020-07-18,9151.7,9239.59,9108.0,9210.51,138788.175,0,
2020-07-20,9210.68,9439.6,9131.01,9388.01,251641.038,0,
2020-07-22,9388.0,9678.32,9272.0,9604.41,293589.049,0,
2020-07-24,9604.41,9735.1,9470.0,9701.49,267352.657,1,long
2020-07-26,9701.54,11488.0,9655.2,11047.58,1006751.186,0,
2020-07-28,11047.58,11364.8,10580.0,11113.03,855675.44,0,
2020-07-30,11113.01,11450.42,10826.55,11343.68,537727.719,0,
2020-08-01,11343.67,12154.25,10490.0,11079.72,879125.993,-1,stop_loss
2020-08-03,11080.7,11483.0,10923.0,11200.05,438699.525,0,
2020-08-05,11200.06,11916.02,11103.0,11770.56,499969.606,0,
2020-08-07,11769.97,11920.0,11318.93,11765.72,428642.43,1,long
2020-08-09,11765.72,12100.0,11384.9,11896.89,415881.477,0,
2020-08-11,11896.86,11944.0,11127.0,11568.36,550661.129,-1,stop_loss
2020-08-13,11568.37,11868.42,11272.0,11767.89,407234.684,0,
2020-08-15,11767.89,11993.58,11682.0,11921.23,387996.708,1,long
2020-08-17,11921.32,12499.42,11780.0,11960.79,622785.0,0,
2020-08-19,11962.03,12037.05,11574.78,11857.92,444248.11,0,
2020-08-21,11858.53,11882.68,11385.06,11670.47,321803.266,0,
2020-08-23,11670.48,11831.96,11522.15,11753.3,204389.158,0,
2020-08-25,11753.29,11770.0,11130.0,11466.22,437539.795,-1,stop_loss
2020-08-27,11466.22,11593.0,11130.82,11526.85,383255.969,0,
2020-08-29,11526.85,11724.12,11419.34,11714.14,196981.901,0,
2020-08-31,11714.13,12061.07,11531.34,11930.18,338953.206,1,long
2020-09-02,11930.17,11961.0,9901.16,10141.08,768224.701,-1,stop_loss
2020-09-04,10141.4,10635.77,9808.58,10168.71,831871.123,0,
2020-09-06,10168.23,10420.55,9879.68,10378.76,448684.603,0,
2020-09-08,10379.3,10443.79,9842.01,10219.29,469025.011,0,
2020-09-10,10219.29,10484.6,10200.8,10387.81,323597.176,0,
2020-09-12,10387.81,10580.0,10209.01,10327.72,256450.88,0,
2020-09-14,10327.72,10923.42,10241.57,10776.78,452917.466,0,
2020-09-16,10776.88,11089.08,10661.9,10935.33,439365.38,0,
2020-09-18,10935.97,11177.0,10810.1,11073.74,262267.583,0,
2020-09-20,11073.2,11073.9,10281.0,10414.73,483497.70700000005,0,
2020-09-22,10414.73,10574.08,10132.21,10237.91,382928.228,0,
2020-09-24,10237.91,10837.27,10191.0,10683.51,412577.346,0,
2020-09-26,10683.5,10827.8,10584.0,10768.0,232781.207,0,
2020-09-28,10768.0,11024.0,10627.19,10836.98,333993.696,0,
2020-09-30,10836.99,10935.14,10442.0,10612.63,386453.738,0,
2020-10-02,10612.62,10660.0,10371.03,10537.96,301062.948,0,
2020-10-04,10537.96,10792.0,10514.0,10785.0,221501.242,0,
2020-10-06,10784.99,10792.0,10510.66,10658.75,291595.772,0,
2020-10-08,10658.75,11110.0,10523.0,11050.47,362275.679,0,
2020-10-10,11050.46,11494.0,11050.46,11369.59,345721.088,1,long
2020-10-12,11369.59,11732.0,11157.0,11419.36,453332.318,0,
2020-10-14,11419.36,11649.48,11250.0,11502.0,408197.369,0,
2020-10-16,11502.0,11538.92,11175.0,11356.25,308232.051,0,
2020-10-18,11356.25,11830.0,11342.54,11745.0,322633.839,0,
2020-10-20,11744.99,13240.0,11673.0,12796.07,904774.871,0,
2020-10-22,12796.06,13188.27,12675.5,12925.82,580894.192,0,
2020-10-24,12925.82,13369.0,12715.0,13023.81,382159.283,0,
2020-10-26,13024.21,13787.83,12729.0,13629.38,728012.8019999999,0,
2020-10-28,13629.89,13863.0,12876.0,13446.65,832346.125,-1,stop_loss
2020-10-30,13446.65,14140.0,13100.0,13783.73,707743.803,0,
2020-11-01,13783.73,13891.52,13195.0,13540.54,526386.999,1,long
2020-11-03,13541.55,14280.0,13276.33,14134.31,800163.9299999999,0,
2020-11-05,14134.32,15984.2,14088.01,15590.96,1276869.7570000002,0,
2020-11-07,15590.95,15774.0,14350.0,15473.2,748199.074,-1,stop_loss
2020-11-09,15473.2,15869.0,14822.0,15294.68,718255.478,0,
2020-11-11,15294.68,16345.0,15274.89,16289.02,802531.978,0,
2020-11-13,16289.01,16479.99,15700.0,16064.51,572863.296,1,long
2020-11-15,16064.51,16882.0,15768.0,16707.07,552777.782,0,
2020-11-17,16707.0,18520.0,16550.0,17788.32,1257031.794,0,
2020-11-19,17788.32,18831.6,17347.27,18664.31,814427.7790000001,0,
2020-11-21,18662.85,18986.0,17645.98,18435.2,716191.907,0,
2020-11-23,18434.17,19440.0,18000.0,19179.64,842189.667,0,
2020-11-25,19178.53,19554.19,16181.0,17155.34,1276969.846,-1,stop_loss
2020-11-27,17155.37,17880.0,16444.83,17717.74,666906.682,0,
2020-11-29,17717.74,19944.0,17523.0,19720.0,756506.5800000001,0,
2020-12-01,19722.09,19956.0,18050.0,19207.01,889602.815,1,long
2020-12-03,19207.01,19640.0,18570.0,18664.2,521292.515,0,
2020-12-05,18662.72,19449.1,18510.0,19375.02,341917.253,0,
2020-12-07,19375.0,19446.36,18133.33,18319.32,450116.503,-1,stop_loss
2020-12-09,18319.33,18639.7,17650.0,18253.51,587083.93,0,
2020-12-11,18254.0,18950.0,17555.0,18800.0,514828.352,0,
2020-12-13,18800.0,19432.0,18705.46,19270.7,421315.912,1,long
2020-12-15,19270.71,21600.0,19039.64,21346.8,708046.066,0,
2020-12-17,21346.81,23888.04,21231.5,23124.35,1129433.043,0,
2020-12-19,23124.35,24376.0,22735.81,23472.96,659825.212,0,
2020-12-21,23472.96,24145.0,21920.0,23826.99,802580.902,0,
2020-12-23,23826.74,24235.42,22572.52,23737.44,632509.196,0,
2020-12-25,23738.75,26926.0,23450.0,26508.83,651788.986,0,
2020-12-27,26508.84,28459.84,25850.0,27102.66,807827.616,0,
2020-12-29,27101.45,29063.72,25913.01,28906.99,635497.104,0,
2020-12-31,28906.99,29668.86,27848.0,29337.16,524365.233,0,
2021-01-02,29337.15,34832.25,28958.24,33054.53,1033028.069,0,
2021-01-04,33053.93,34500.0,27800.0,33999.52,939848.856,-1,stop_loss
2021-01-06,33999.51,40565.62,33356.46,39498.92,964167.738,1,long
2021-01-08,39498.32,42125.51,36539.77,40136.04,778963.631,0,
2021-01-10,40136.05,41412.12,30448.0,35408.46,1343034.699,-1,stop_loss
2021-01-12,35406.92,37880.0,32420.0,37421.07,847253.781,0,
2021-01-14,37416.34,40189.39,34478.0,36755.24,790752.4990000001,0,
2021-01-16,36755.25,38000.0,33863.5,35869.83,588788.606,0,
2021-01-18,35875.72,37961.0,34808.47,35891.03,511276.122,0,
2021-01-20,35891.74,36461.44,30069.9,30879.97,879754.696,0,
2021-01-22,30875.77,33831.52,28880.0,32086.48,710344.949,0,
2021-01-24,32086.48,34880.0,30914.2,32253.68,528794.568,0,
2021-01-26,32253.68,32950.0,29240.0,30381.04,777884.546,0,
2021-01-28,30382.96,38641.1,29843.33,34269.35,1025108.158,0,
2021-01-30,34267.04,34988.88,32193.04,33126.21,479155.763,1,long
2021-02-01,33125.11,36041.0,32322.47,35504.06,480488.55500000005,0,
2021-02-03,35504.07,38833.0,35410.0,36976.93,547023.1,0,
2021-02-05,36975.19,40992.4,36586.68,39249.54,507103.759,0,
2021-02-07,39249.53,47146.0,37403.27,46451.32,736889.0179999999,0,
2021-02-09,46451.32,48266.36,43770.0,44850.0,716456.443,0,
2021-02-11,44850.0,49278.98,44038.97,47361.03,589726.333,0,
2021-02-13,47364.0,49875.16,46252.1,48655.21,441901.063,0,
2021-02-15,48655.21,50953.44,45349.21,49197.94,592552.415,0,
2021-02-17,49197.93,52800.0,49029.62,51619.7,497497.348,0,
2021-02-19,51612.46,57699.0,50800.0,55917.41,498208.18,0,
2021-02-21,55908.45,58472.14,47751.42,54121.1,677480.76,-1,stop_loss
2021-02-23,54125.55,54260.12,44893.82,49702.03,1082152.681,0,
2021-02-25,49702.05,52134.96,44100.0,46313.13,790613.336,0,
2021-02-27,46313.12,48476.05,43002.05,45163.36,626385.899,0,
2021-03-01,45162.64,50221.77,44972.49,48450.57,588760.3659999999,0,
2021-03-03,48454.21,52681.51,47500.0,48385.77,737740.191,1,long
2021-03-05,48385.77,49470.0,46320.0,48908.21,569695.666,0,
2021-03-07,48908.21,52450.0,48908.21,52429.43,556737.982,0,
2021-03-09,52429.43,57500.92,51880.0,55947.98,686764.291,0,
2021-03-11,55949.3,58283.0,54356.44,57291.03,700176.3600000001,0,
2021-03-13,57291.04,61950.0,56136.0,59037.12,552314.074,0,
2021-03-15,59037.11,60740.0,53335.0,56954.19,788539.032,0,
2021-03-17,56953.23,60510.0,54154.93,57700.01,644497.738,0,
2021-03-19,57700.01,59948.0,56301.27,58145.61,462719.628,0,
2021-03-21,58144.44,58638.7,53635.81,54129.56,530581.6429999999,0,
2021-03-23,54129.56,57234.79,51666.0,52311.54,670371.567,-1,stop_loss
2021-03-25,52307.89,55123.0,50452.08,55030.0,688805.933,0,
2021-03-27,55030.0,56658.76,54001.0,55805.08,435039.114,1,long
2021-03-29,55804.16,59560.0,54931.15,58794.16,510039.333,0,
2021-03-31,58794.17,59920.0,56812.0,58794.01,533370.463,0,
2021-04-02,58797.56,60397.85,56900.0,57134.65,388028.129,0,
2021-04-04,57134.65,59385.0,56517.23,59243.39,326792.76800000004,0,
2021-04-06,59243.4,59626.18,55536.07,56018.18,430833.736,0,
2021-04-08,56018.17,58950.0,55759.13,58176.03,303080.002,0,
2021-04-10,58176.04,61800.0,57943.95,60090.2,389407.416,0,
2021-04-12,60093.26,63850.0,59500.0,63649.71,475537.053,0,
2021-04-14,63645.05,64986.11,61404.0,63232.55,502059.078,0,
2021-04-16,63232.56,63600.0,59620.0,60090.14,449878.192,0,
2021-04-18,60090.14,60450.0,50050.0,55634.39,807047.9920000001,-1,stop_loss
2021-04-20,55634.38,57060.0,53330.82,53800.0,577096.057,0,
2021-04-22,53794.72,55470.51,47546.16,51122.62,1008155.211,0,
2021-04-24,51122.63,51183.51,46930.43,49063.94,609969.632,0,
2021-04-26,49063.94,55500.0,48763.0,55006.25,615934.509,0,
2021-04-28,55006.25,56574.13,52350.0,53558.8,520215.749,0,
2021-04-30,53558.57,58488.17,53043.62,57836.34,502538.149,0,
2021-05-02,57836.35,59056.59,56100.0,57214.83,475446.487,1,long
2021-05-04,57214.84,57940.0,52880.38,57497.77,706800.459,0,
2021-05-06,57497.76,58800.0,55297.91,57350.88,531630.708,0,
2021-05-08,57350.89,59590.96,56316.0,58292.53,510860.743,0,
2021-05-10,58292.53,59654.0,53250.0,56710.43,663463.237,0,
2021-05-12,56712.7,58049.99,45596.32,49707.9,1124805.841,-1,stop_loss
2021-05-14,49706.27,51533.0,46584.32,46793.41,761092.4979999999,0,
2021-05-16,46794.62,49829.39,42151.0,43566.18,1413666.995,0,
2021-05-18,43565.11,45846.61,28688.0,36689.14,1964210.441,0,
2021-05-20,36689.14,42460.0,33400.0,37211.02,1705856.86,0,
2021-05-22,37210.01,38851.34,31096.7,34651.6,1584981.801,0,
2021-05-24,34656.53,39917.09,34366.0,38326.84,1306739.4819999998,0,
2021-05-26,38326.84,40900.0,37133.22,38527.38,1120371.3760000002,0,
2021-05-28,38527.38,38888.35,33650.0,34611.94,1566266.25,0,
2021-05-30,34611.95,37500.0,33356.0,37243.38,1146916.867,0,
2021-06-01,37244.36,38232.99,35500.0,37569.99,1032542.346,0,
2021-06-03,37570.0,39470.0,35552.51,36828.03,1208054.871,0,
2021-06-05,36828.03,37900.49,34800.0,35801.71,1074629.512,0,
2021-06-07,35801.71,36820.0,30969.0,33372.58,1613428.899,0,
2021-06-09,33372.58,38489.0,32390.0,36669.66,1834199.786,0,
2021-06-11,36669.65,37679.54,34585.9,35537.05,1209655.374,0,
2021-06-13,35535.95,41000.0,34739.06,40489.1,1352015.195,0,
2021-06-15,40489.1,41413.0,38105.0,38344.97,1305302.49,0,
2021-06-17,38344.97,39565.0,35100.0,35811.41,1394229.11,0,
2021-06-19,35811.41,36471.8,33312.0,35588.64,1472081.823,0,
2021-06-21,35588.63,35746.28,28780.01,32496.0,2929155.512,0,
2021-06-23,32496.0,35406.74,31711.5,34644.64,1735599.534,0,
2021-06-25,34644.65,35500.0,30120.0,32255.56,2184436.124,0,
2021-06-27,32250.15,35279.38,31960.0,34487.22,1603305.998,0,
2021-06-29,34486.58,36623.0,34042.74,35031.39,1525883.312,0,
2021-07-01,35031.39,35044.98,32672.04,33760.94,1423889.695,0,
2021-07-03,33760.94,35955.55,33296.98,35280.16,961615.814,0,
2021-07-05,35280.17,35281.55,33032.0,34206.01,1380935.416,0,
2021-07-07,34206.0,35089.56,32066.0,32852.04,1106536.573,0,
2021-07-09,32855.0,34248.58,32250.0,33497.98,895934.858,0,
2021-07-11,33497.98,34662.73,32650.0,33070.87,846653.108,0,
2021-07-13,33070.86,33336.0,31556.02,32803.01,987708.123,0,
2021-07-15,32803.0,33170.0,31018.59,31382.95,1055689.41,0,
2021-07-17,31382.96,32435.93,31075.1,31767.0,834839.819,0,
2021-07-19,31765.23,31890.0,29242.24,29775.9,1088993.8169999998,0,
2021-07-21,29775.89,32883.9,29472.41,32268.11,1184336.326,0,
2021-07-23,32268.12,34471.0,31970.82,34230.0,780696.044,0,
2021-07-25,34230.0,48168.6,33812.0,37218.09,1566447.701,1,long
2021-07-27,37218.09,40894.0,36384.31,40003.08,1411300.391,0,
2021-07-29,40003.08,42316.6,38320.0,42203.25,1025392.181,0,
2021-07-31,42202.6,42614.98,39350.4,39846.78,869050.943,0,
2021-08-02,39846.78,40450.0,37600.0,38203.26,969091.645,0,
2021-08-04,38201.33,41350.0,37291.0,40882.4,1225810.185,0,
2021-08-06,40882.39,44753.01,39849.82,44601.11,1237202.045,0,
2021-08-08,44601.11,46483.0,42785.0,46259.7,1179905.201,0,
2021-08-10,46259.7,46800.0,44670.05,45522.12,851139.432,0,
2021-08-12,45522.13,47980.69,43800.0,47792.52,906301.516,0,
2021-08-14,47792.52,48300.0,45480.0,47006.02,745319.6029999999,0,
2021-08-16,47006.02,48074.23,44412.01,44704.84,886854.005,0,
2021-08-18,44704.85,47100.0,43938.38,46772.0,835238.3200000001,0,
2021-08-20,46772.0,49833.0,46650.0,48848.29,749093.532,0,
2021-08-22,48846.11,50600.0,48075.81,49523.91,650405.719,0,
2021-08-24,49523.23,49888.88,47130.57,48992.65,787782.3859999999,0,
2021-08-26,48992.65,49380.0,46280.0,49083.98,878850.135,0,
2021-08-28,49082.13,49769.2,47741.31,48795.41,537898.523,0,
2021-08-30,48795.42,48916.25,46731.03,47150.32,717378.963,0,
2021-09-01,47150.32,50420.0,46550.99,49299.14,711971.429,0,
2021-09-03,49299.14,51111.0,48333.0,49940.74,705283.228,0,
2021-09-05,49942.2,52830.0,49462.59,52683.97,586718.408,0,
2021-09-07,52683.98,52950.0,42088.0,46062.29,1199943.15,-1,stop_loss
2021-09-09,46060.02,47400.0,44120.0,44860.83,652548.819,0,
2021-09-11,44860.83,46512.2,44737.4,46046.73,417678.745,0,
2021-09-13,46048.02,47272.98,43323.93,47087.18,726867.7890000001,0,
2021-09-15,47087.18,48488.0,46675.0,47745.55,504271.097,0,
2021-09-17,47745.55,48850.0,46750.0,48285.15,434093.753,0,
2021-09-19,48284.61,48364.64,42467.86,43026.6,813396.5619999999,0,
2021-09-21,43026.61,43989.98,39503.58,43520.0,1084091.754,0,
2021-09-23,43520.0,45134.33,40650.0,42798.49,938849.045,0,
2021-09-25,42798.49,43940.0,40725.01,43150.0,631478.711,0,
2021-09-27,43150.01,44350.0,40854.0,41006.32,645057.1440000001,0,
2021-09-29,41002.96,44100.0,40708.73,43796.57,682493.235,0,
2021-10-01,43799.49,48450.0,43260.01,47626.61,632057.756,0,
2021-10-03,47626.62,49544.48,46885.29,49198.22,536835.212,0,
2021-10-05,49199.78,56416.02,49009.21,55321.6,732775.561,0,
2021-10-07,55327.45,56208.73,53374.34,53975.0,518184.58,1,long
2021-10-09,53974.99,56789.0,53656.66,54700.0,456568.211,0,
2021-10-11,54700.0,57880.0,53750.0,56011.84,664015.825,0,
2021-10-13,56011.83,58586.67,54271.24,57378.19,582434.069,0,
2021-10-15,57377.12,63997.61,56900.0,60925.56,706618.412,0,
2021-10-17,60925.56,62800.0,58850.0,62037.92,573410.995,0,
2021-10-19,62037.92,67150.0,61300.0,66064.24,703981.586,0,
2021-10-21,66064.25,66750.0,60011.9,60734.27,828969.985,-1,stop_loss
2021-10-23,60734.28,61780.0,59504.46,60902.82,468370.299,0,
2021-10-25,60902.82,63795.98,59838.05,60358.75,486458.024,0,
2021-10-27,60358.74,62641.26,57550.0,60622.03,662435.512,0,
2021-10-29,60622.02,63069.71,60222.0,61895.19,374397.296,0,
2021-10-31,61895.19,62543.58,59400.0,60942.87,429757.885,0,
2021-11-02,60942.87,64349.55,60300.0,62946.45,428782.245,0,
2021-11-04,62946.45,63149.0,60703.0,61006.0,342246.716,0,
2021-11-06,61006.0,63377.58,60100.0,63316.4,297797.326,0,
2021-11-08,63316.4,68675.16,63308.7,67009.98,506775.98,0,
2021-11-10,67010.65,69198.7,62400.51,64831.3,526114.848,1,long
2021-11-12,64831.2,65500.0,62313.0,64427.0,389042.818,0,
2021-11-14,64426.99,66395.05,63351.58,63654.49,356451.303,0,
2021-11-16,63654.49,63655.77,58336.68,60366.96,762414.579,-1,stop_loss
2021-11-18,60366.97,60999.0,55604.0,58069.51,657377.7930000001,0,
2021-11-20,58069.52,60052.82,57372.0,58661.39,317584.613,0,
2021-11-22,58648.87,59624.56,55250.0,57574.23,593975.206,0,
2021-11-24,57574.24,59449.62,55900.0,58988.21,386596.41,0,
2021-11-26,58988.36,59186.41,53500.0,54738.77,533770.036,0,
2021-11-28,54738.77,58924.21,53245.0,57827.98,428712.081,0,
2021-11-30,57827.97,59224.99,55900.0,57209.29,611583.252,0,
2021-12-02,57209.28,57670.0,50604.0,53612.0,624117.271,0,
2021-12-04,53611.86,53889.69,40888.89,49376.6,885209.3709999999,0,
2021-12-06,49373.83,51929.0,47000.0,50577.2,582381.647,0,
2021-12-08,50577.2,51210.6,47312.89,47539.76,511315.97,0,
2021-12-10,47539.34,50188.42,46724.35,49381.15,513934.421,0,
2021-12-12,49379.51,50768.0,45600.0,46679.93,531985.607,0,
2021-12-14,46679.93,49479.75,46255.6,48870.48,611453.5179999999,0,
2021-12-16,48870.48,49439.79,45373.11,46125.33,542332.322,0,
2021-12-18,46125.33,48461.17,45438.43,46668.63,432704.956,0,
2021-12-20,46668.65,49298.78,45530.67,48875.15,533812.6170000001,0,
2021-12-22,48875.88,51377.74,48020.0,50817.92,464349.169,0,
2021-12-24,50817.94,51805.0,50105.0,50403.64,367871.163,0,
2021-12-26,50403.64,52134.0,49350.0,50707.72,401025.879,0,
2021-12-28,50707.72,50713.56,46000.0,46436.54,610878.7180000001,0,
2021-12-30,46436.53,48575.0,45650.0,46210.56,517117.291,0,
2022-01-01,46210.57,48000.0,46210.55,47280.0,364228.677,0,
2022-01-03,47280.01,47575.22,45445.57,45833.42,536931.5430000001,0,
2022-01-05,45833.41,47075.29,42270.0,43080.01,784987.42,0,
2022-01-07,43080.01,43135.0,40456.56,41688.05,756952.073,0,
2022-01-09,41688.05,42773.85,39610.0,41801.55,676779.068,0,
2022-01-11,41801.55,44300.0,41255.0,43880.72,605099.985,0,
2022-01-13,43880.72,44396.68,41666.0,43042.4,561806.257,0,
2022-01-15,43042.4,43800.0,42530.64,43060.66,362099.632,0,
2022-01-17,43060.66,43159.32,41260.0,42337.58,500220.81000000006,0,
2022-01-19,42337.58,43495.0,40550.0,40661.69,733770.147,0,
2022-01-21,40662.06,41095.76,33950.0,35043.73,1466593.813,0,
2022-01-23,35043.73,37528.0,32853.83,36648.31,1192373.605,0,
2022-01-25,36648.3,38886.58,35693.0,36787.43,963992.901,0,
2022-01-27,36787.42,38000.0,35471.53,37696.21,789516.065,0,
2022-01-29,37696.22,38750.94,37252.0,37870.01,433686.889,0,
2022-01-31,37870.0,39260.26,36620.0,38680.51,671794.513,0,
2022-02-02,38680.51,38834.18,36204.3,37289.86,656227.162,0,
2022-02-04,37287.33,41922.0,37011.0,41374.69,762289.8400000001,0,
2022-02-06,41374.68,44541.16,41100.0,43829.99,633377.7239999999,0,
2022-02-08,43829.99,45600.0,42641.0,44358.08,768285.483,0,
2022-02-10,44358.09,45847.5,41914.23,42366.0,978568.268,0,
2022-02-12,42365.99,42980.0,41540.0,42041.13,448337.337,0,
2022-02-14,42041.12,44777.0,41526.0,44529.6,580726.354,0,
2022-02-16,44529.7,44536.8,40020.1,40491.7,689749.271,0,
2022-02-18,40491.8,40944.1,39422.0,40052.6,563304.4569999999,0,
2022-02-20,40052.6,40100.1,36762.0,36986.4,976132.259,0,
2022-02-22,36986.4,39250.0,36310.1,37227.8,873369.752,0,
2022-02-24,37227.9,40376.1,34303.7,39205.4,1336137.273,0,
2022-02-26,39205.4,40441.1,36934.6,37672.0,675089.448,0,
2022-02-28,37672.1,44935.0,37414.4,44394.1,1063874.807,0,
2022-03-02,44393.6,45350.0,41831.0,42449.5,773169.5530000001,1,long
2022-03-04,42449.6,42525.3,38521.0,39375.1,667886.267,-1,stop_loss
2022-03-06,39375.0,39690.0,37134.0,37963.8,801959.7760000001,0,
2022-03-08,37963.7,42647.5,37853.0,41937.5,883522.1780000001,0,
2022-03-10,41939.5,42034.3,38200.1,38713.0,987724.078,0,
2022-03-12,38713.1,39578.4,37500.0,37743.7,409118.519,0,
2022-03-14,37743.0,39989.0,37522.1,39271.0,705077.601,0,
2022-03-16,39270.9,41804.0,38700.0,40898.1,894578.455,0,
2022-03-18,40898.0,42446.6,40084.2,42188.2,485594.397,1,long
2022-03-20,42188.2,42269.3,40430.0,40982.0,544170.589,0,
2022-03-22,40982.0,43517.7,40852.0,42867.9,656929.414,0,
2022-03-24,42867.8,45142.0,42525.0,44290.6,680060.179,0,
2022-03-26,44290.6,47047.0,44041.0,46820.8,409992.815,0,
2022-03-28,46820.9,48200.0,46651.2,47418.5,576606.617,0,
2022-03-30,47418.5,47688.6,45185.0,45506.0,534847.502,0,
2022-04-01,45505.9,47236.8,44206.2,45794.6,587147.91,0,
2022-04-03,45792.3,47448.0,45094.0,46580.9,485385.554,0,
2022-04-05,46580.9,47188.0,43100.0,43159.7,641884.014,-1,stop_loss
2022-04-07,43159.8,43968.1,42074.0,42229.2,539663.809,0,
2022-04-09,42229.1,43399.4,41838.0,42140.4,301627.124,0,
2022-04-11,42140.3,42399.9,39136.7,40060.7,789413.6510000001,0,
2022-04-13,40060.7,41580.0,39522.0,39915.9,586877.3219999999,0,
2022-04-15,39915.9,40888.0,39734.2,40361.0,322385.728,0,
2022-04-17,40360.9,41310.0,38465.7,40785.6,532767.143,0,
2022-04-19,40785.7,42166.8,40543.7,41327.7,471786.698,0,
2022-04-21,41326.0,42966.0,39133.0,39674.2,708085.709,0,
2022-04-23,39674.3,40000.0,38884.1,39433.4,305418.579,0,
2022-04-25,39433.4,40800.0,37671.8,38093.7,902010.091,0,
2022-04-27,38093.7,40376.6,37844.5,39732.5,799188.773,0,
2022-04-29,39732.5,39924.8,37550.0,37614.5,489926.757,0,
2022-05-01,37614.4,39222.0,37350.0,38525.6,573394.827,0,
2022-05-03,38525.5,40071.7,37500.1,39684.0,673485.04,0,
2022-05-05,39684.1,39845.0,35200.0,35995.3,979188.24,0,
2022-05-07,35995.2,36138.0,33665.0,34032.0,627137.417,0,
2022-05-09,34032.1,34243.3,29701.4,31002.1,1941958.673,0,
2022-05-11,31002.1,32197.6,26631.0,29020.7,2066351.561,0,
2022-05-13,29020.8,31072.6,28602.3,30079.8,823377.0,0,
2022-05-15,30079.5,31462.0,29052.3,29866.7,844016.305,0,
2022-05-17,29866.4,30794.0,28629.6,28700.6,825324.976,0,
2022-05-19,28700.6,30784.4,28670.5,29188.9,934295.895,0,
2022-05-21,29188.9,30500.0,28927.0,30284.0,499920.529,0,
2022-05-23,30284.0,30658.0,28637.6,29643.1,857845.199,0,
2022-05-25,29643.0,30246.7,27952.1,29194.0,1015596.57,0,
2022-05-27,29194.0,29387.0,28259.6,29018.8,700283.167,0,
2022-05-29,29018.8,32307.6,28825.0,31726.5,717852.11,0,
2022-05-31,31726.5,32427.5,29300.0,29796.9,940681.021,0,
2022-06-02,29796.9,30750.0,29220.0,29682.8,728035.064,0,
2022-06-04,29682.8,30250.0,29456.0,29909.9,392906.365,0,
2022-06-06,29910.0,31780.0,29190.0,31118.1,1128237.859,0,
2022-06-08,31118.0,31325.0,29825.0,30093.3,762998.8119999999,0,
2022-06-10,30093.4,30374.1,28080.0,28416.7,837296.473,0,
2022-06-12,28416.6,28530.3,21900.0,22471.5,2183355.691,0,
2022-06-14,22471.4,23424.2,20100.2,22567.5,2756910.965,0,
2022-06-16,22567.5,23000.0,20222.0,20457.3,1658787.477,0,
2022-06-18,20457.3,20821.0,17593.2,20564.2,2357867.062,0,
2022-06-20,20564.3,21740.0,19630.0,20713.1,1722990.066,0,
2022-06-22,20713.1,21250.0,19745.7,21096.6,1510937.233,0,
2022-06-24,21096.6,21627.6,20732.5,21481.9,1079568.225,0,
2022-06-26,21481.9,21888.0,20500.0,20730.0,982122.745,0,
2022-06-28,20730.0,21198.0,19817.2,20109.9,1191822.098,0,
2022-06-30,20109.9,20926.4,18563.0,19272.0,1775380.778,0,
2022-07-02,19272.0,19645.4,18780.1,19305.9,832359.856,0,
2022-07-04,19306.0,20749.2,19046.3,20170.0,1487549.054,0,
2022-07-06,20170.1,21830.0,19753.0,21613.4,1381918.074,0,
2022-07-08,21614.5,22579.9,21175.2,21580.0,1241516.861,0,
2022-07-10,21580.0,21594.2,19870.0,19954.3,1029422.526,0,
2022-07-12,19954.3,20401.6,18901.0,20220.1,1616498.888,0,
2022-07-14,20220.1,21200.0,19600.0,20823.1,1392753.222,0,
2022-07-16,20823.1,21674.1,20471.0,20794.4,1024744.598,0,
2022-07-18,20794.4,23817.9,20764.4,23385.9,2106896.816,0,
2022-07-20,23385.9,24277.0,22340.2,23144.5,1670191.281,0,
2022-07-22,23144.5,23750.0,21933.5,22440.2,1139795.607,0,
2022-07-24,22440.1,22999.0,21232.0,21300.0,1158729.608,0,
2022-07-26,21300.0,23100.0,20689.6,22941.1,1305869.206,0,
2022-07-28,22941.1,24500.0,22583.1,23771.1,1399078.887,1,long
2022-07-30,23771.0,24700.0,23222.0,23290.1,879794.666,0,
2022-08-01,23290.1,23497.0,22603.0,22975.1,1123606.204,0,
2022-08-03,22975.1,23650.0,22370.0,22608.9,1117530.584,0,
2022-08-05,22608.9,23450.0,22580.6,22943.3,821651.524,0,
2022-08-07,22943.2,24243.0,22830.9,23804.4,836596.281,0,
2022-08-09,23804.3,24235.2,22608.0,23940.9,1259025.147,0,
2022-08-11,23941.0,24972.0,23560.0,24387.5,1238189.29,0,
2022-08-13,24387.5,25065.0,24138.0,24294.1,868407.979,0,
2022-08-15,24294.1,25200.0,23650.0,23843.0,1200310.715,0,
2022-08-17,23843.0,24437.0,23101.0,23185.1,988299.909,0,
2022-08-19,23185.0,23200.0,20742.9,21127.8,1397116.867,-1,stop_loss
2022-08-21,21127.7,21804.6,20858.6,21387.0,1013047.021,0,
2022-08-23,21387.0,21925.6,20874.8,21354.9,1112473.468,0,
2022-08-25,21355.0,21867.6,20100.0,20228.7,1312232.348,0,
2022-08-27,20228.7,20367.7,19508.0,19547.5,856003.219,0,
2022-08-29,19547.5,20574.0,19524.4,19803.1,1365791.662,0,
2022-08-31,19803.2,20496.0,19555.0,20122.5,1403234.06,0,
2022-09-02,20122.6,20434.3,19628.7,19820.7,954288.805,0,
2022-09-04,19820.7,20046.7,19570.0,19784.9,843504.594,0,
2022-09-06,19784.9,20174.7,18500.0,19287.0,1541125.835,0,
2022-09-08,19287.0,21666.0,19003.8,21352.0,1529765.744,0,
2022-09-10,21352.0,21883.4,21112.2,21820.3,912522.532,0,
2022-09-12,21820.3,22850.0,19840.0,20162.5,2037371.859,0,
2022-09-14,20162.6,20528.5,19453.0,19690.8,1327664.664,0,
2022-09-16,19690.8,20182.6,19300.0,20102.0,879287.362,0,
2022-09-18,20102.0,20105.3,18215.0,19528.6,1493692.826,0,
2022-09-20,19528.6,20154.1,18084.3,18447.5,1962692.911,0,
2022-09-22,18447.5,19504.8,18345.2,19280.7,1691392.137,0,
2022-09-24,19280.7,19304.5,18621.0,18799.7,787619.818,0,
2022-09-26,18799.7,20375.0,18671.0,19070.1,2078373.676,0,
2022-09-28,19070.1,19787.6,18460.0,19582.5,2132900.9960000003,0,
2022-09-30,19582.5,20172.7,19066.0,19304.0,1365919.943,0,
2022-10-02,19304.0,19723.7,18896.0,19622.0,1036786.78,0,
2022-10-04,19621.9,20500.0,19480.1,20150.0,1516255.9109999998,0,
2022-10-06,20149.9,20443.9,19304.4,19520.9,1455441.771,0,
2022-10-08,19520.9,19619.6,19200.0,19430.0,520435.996,0,
2022-10-10,19430.0,19513.0,18850.0,19055.0,1164279.228,0,
2022-10-12,19055.0,19498.6,17917.8,19365.5,1511385.289,0,
2022-10-14,19365.4,19947.9,18966.0,19060.4,1102973.395,0,
2022-10-16,19060.4,19666.0,19058.0,19540.6,770240.951,0,
2022-10-18,19540.7,19706.4,19050.0,19116.7,1038713.612,0,
2022-10-20,19116.6,19350.0,18600.0,19150.9,1119505.953,0,
2022-10-22,19151.0,19690.0,19050.0,19560.7,532666.584,0,
2022-10-24,19560.6,20415.0,19146.0,20068.3,1253983.07,1,long
2022-10-26,20068.3,21030.0,20041.1,20285.5,1456775.027,0,
2022-10-28,20285.6,21088.0,19951.0,20796.7,1077756.052,0,
2022-10-30,20796.7,20925.2,20225.4,20482.0,774186.956,0,
2022-11-01,20482.1,20796.0,20050.0,20140.1,966211.948,0,
2022-11-03,20140.2,21297.0,20026.0,21137.6,1196636.276,0,
2022-11-05,21137.6,21473.7,20863.3,20900.0,581132.0179999999,0,
2022-11-07,20900.0,21062.6,16830.0,18534.0,2600884.629,-1,stop_loss
2022-11-09,18533.9,18574.9,15462.6,17588.0,3562700.014,0,
2022-11-11,17588.0,17678.0,16343.0,16806.9,1259800.319,0,
2022-11-13,16806.9,17188.0,15805.5,16605.2,1284135.32,0,
2022-11-15,16605.3,17127.2,16358.0,16650.6,1186591.103,0,
2022-11-17,16650.7,16984.4,16403.3,16689.7,797602.127,0,
2022-11-19,16689.7,16814.5,16167.1,16272.6,499422.129,0,
2022-11-21,16272.7,16309.0,15443.2,16220.6,1369553.009,0,
2022-11-23,16220.5,16800.0,16155.5,16592.4,897739.328,0,
2022-11-25,16592.5,16699.1,16331.7,16449.2,559961.775,0,
2022-11-27,16449.2,16594.2,15984.1,16204.5,686508.214,0,
2022-11-29,16204.6,17248.3,16088.0,17153.3,1011735.804,0,
2022-12-01,17153.4,17348.5,16760.0,17083.0,746090.524,0,
2022-12-03,17083.0,17206.2,16850.1,17099.5,477348.11,0,
2022-12-05,17099.5,17430.0,16860.6,17078.6,841292.003,0,
2022-12-07,17078.7,17294.9,16655.0,17216.0,739936.26,0,
2022-12-09,17216.0,17365.4,17052.0,17120.0,432126.39,0,
2022-12-11,17120.1,17265.0,16865.0,17200.0,506860.369,0,
2022-12-13,17200.0,18400.0,17076.0,17803.9,1224362.99,0,
2022-12-15,17804.0,17849.5,16521.1,16624.1,1059434.282,0,
2022-12-17,16624.1,16872.0,16571.8,16730.3,434363.486,0,
2022-12-19,16730.4,17049.6,16210.0,16887.2,820899.65,0,
2022-12-21,16887.3,16924.2,16556.1,16815.5,534363.296,0,
2022-12-23,16815.5,16960.0,16690.0,16828.9,346964.21,0,
2022-12-25,16829.0,16936.8,16700.0,16912.9,292204.542,0,
2022-12-27,16912.8,16968.0,16455.6,16539.0,607478.422,0,
2022-12-29,16538.9,16666.6,16320.0,16601.2,504222.021,0,
2022-12-31,16601.2,16640.0,16461.8,16610.3,239965.121,0,
2023-01-02,16610.4,16799.0,16541.2,16667.2,418231.381,0,
2023-01-04,16667.3,16984.6,16645.7,16823.8,526117.185,0,
2023-01-06,16823.8,17030.0,16664.8,16936.5,394946.734,0,
2023-01-08,16936.5,17387.8,16905.0,17169.7,557995.127,0,
2023-01-10,17169.6,18013.2,17140.4,17935.7,683597.477,0,
2023-01-12,17935.6,19997.8,17902.4,19924.2,1847142.592,0,
2023-01-14,19924.3,21544.0,19882.6,20882.7,1439153.242,1,long
2023-01-16,20882.7,21640.0,20606.6,21130.9,1213538.794,0,
2023-01-18,21130.8,21672.0,20386.0,21068.3,1188519.134,0,
2023-01-20,21068.3,23390.0,20856.4,22781.9,1488326.2999999998,0,
2023-01-22,22781.8,23193.1,22287.0,22913.1,1008332.651,0,
2023-01-24,22913.3,23837.4,22310.5,23060.6,1198402.423,0,
2023-01-26,23060.6,23500.0,22516.6,23068.0,937681.093,0,
2023-01-28,23068.1,23962.7,22870.8,23740.3,748429.174,0,
2023-01-30,23740.2,23804.6,22484.2,23119.4,976264.373,-1,stop_loss
2023-02-01,23119.5,24281.4,22747.0,23493.1,1187170.049,0,
2023-02-03,23493.0,23719.9,23201.0,23322.6,667949.831,1,long
2023-02-05,23322.6,23436.0,22600.0,22757.7,773825.1769999999,0,
2023-02-07,22757.8,23450.0,22662.9,22955.9,830738.9750000001,0,
2023-02-09,22955.9,23007.8,21405.0,21618.6,1172281.847,-1,stop_loss
2023-02-11,21618.6,22080.9,21594.4,21771.1,466036.76,0,
2023-02-13,21771.0,22320.0,21338.0,22187.4,1110387.202,0,
2023-02-15,22187.4,25290.0,22038.5,23526.6,1784139.63,1,long
2023-02-17,23526.6,25043.2,23350.0,24636.9,1184272.704,0,
2023-02-19,24636.8,25200.0,23827.0,24849.9,1189907.7000000002,0,
2023-02-21,24849.9,25347.6,23572.0,24171.3,1459704.676,0,
2023-02-23,24171.3,24588.0,22800.0,23175.6,1482917.356,-1,stop_loss
2023-02-25,23175.5,23675.0,22700.0,23545.3,682190.7039999999,0,
2023-02-27,23545.2,23888.0,23010.0,23129.6,1033674.804,0,
2023-03-01,23129.7,24022.7,23008.4,23457.1,1036506.912,0,
2023-03-03,23457.1,23468.5,21883.2,22335.7,783827.348,0,
2023-03-05,22335.8,22650.0,22174.9,22397.1,581238.142,0,
2023-03-07,22397.1,22550.0,21540.5,21695.4,1096362.066,0,
2023-03-09,21695.3,21823.0,19521.6,20140.3,2190038.625,0,
2023-03-11,20140.3,22184.0,19752.5,21986.2,1635001.96,0,
2023-03-13,21986.2,26489.9,21804.0,24682.5,3107544.811,0,
2023-03-15,24682.5,25200.0,23888.0,24990.4,1837503.375,1,long
2023-03-17,24990.5,27763.4,24875.3,26907.0,2081391.38,0,
2023-03-19,26907.0,28483.2,26815.9,27704.1,1696590.526,0,
2023-03-21,27704.1,28881.0,26590.0,27233.8,1765880.9840000002,0,
2023-03-23,27233.8,28777.0,26960.0,27438.9,1504249.417,0,
2023-03-25,27439.0,28186.9,27131.8,27954.3,735431.04,0,
2023-03-27,27954.3,28019.4,26480.0,27249.7,1227515.594,0,
2023-03-29,27249.7,29184.8,27223.6,28015.0,1426819.071,0,
2023-03-31,28015.0,28845.3,27500.0,28443.8,868044.5120000001,0,
2023-04-02,28443.7,28540.0,27166.0,27786.1,1058324.233,0,
2023-04-04,27786.1,28800.0,27650.2,28154.0,976083.45,0,
2023-04-06,28154.0,28175.0,27684.2,27890.7,575166.96,0,
2023-04-08,27890.7,28539.1,27762.8,28309.4,464991.44,0,
2023-04-10,28309.4,30564.0,28153.6,30185.1,1209040.4160000002,0,
2023-04-12,30185.1,30648.9,29620.0,30362.7,999850.924,0,
2023-04-14,30362.7,31059.0,29925.0,30280.4,795625.6969999999,0,
2023-04-16,30280.4,30560.0,29219.9,29420.0,665744.567,0,
2023-04-18,29420.1,30480.0,28557.3,28795.1,1177055.38,0,
2023-04-20,28795.0,29078.0,27100.0,27252.5,1327012.119,-1,stop_loss
2023-04-22,27252.6,27888.0,27126.0,27576.0,677631.3759999999,0,
2023-04-24,27575.9,28379.9,26919.3,28286.7,1089522.783,0,
2023-04-26,28286.7,30048.2,27200.0,29459.0,2237509.407,1,long
2023-04-28,29459.0,29591.1,28870.0,29212.7,726363.399,0,
2023-04-30,29212.7,29950.0,27650.0,28054.4,1042773.334,0,
2023-05-02,28054.5,29258.4,27854.0,29018.4,1190012.4989999998,0,
2023-05-04,29018.4,29693.0,28618.3,29491.5,1004910.761,0,
2023-05-06,29491.5,29840.0,28333.0,28419.4,784039.544,0,
2023-05-08,28419.5,28624.6,27250.0,27610.2,1025853.463,-1,stop_loss
2023-05-10,27610.2,28297.0,26666.6,26956.4,1261325.039,0,
2023-05-12,26956.4,27090.0,25751.0,26762.7,858340.437,0,
2023-05-14,26762.8,27650.0,26557.0,27152.5,697842.503,0,
2023-05-16,27152.5,27500.0,26527.5,27395.8,863238.169,0,
2023-05-18,27395.7,27482.7,26335.3,26870.1,869069.935,0,
2023-05-20,26870.1,27288.0,26642.0,26732.8,376291.779,0,
2023-05-22,26732.8,27527.5,26500.0,27209.9,697207.138,0,
2023-05-24,27209.9,27212.9,25850.0,26461.8,929726.902,0,
2023-05-26,26461.7,26925.0,26313.9,26841.6,488157.481,0,
2023-05-28,26841.6,28442.0,26746.0,27722.0,851405.943,0,
2023-05-30,27722.1,28038.6,26826.0,27201.1,805761.203,0,
2023-06-01,27201.1,27347.9,26477.6,27227.8,795897.665,0,
2023-06-03,27227.8,27460.0,26900.0,27102.4,400735.644,0,
2023-06-05,27102.4,27358.1,25321.6,27221.5,1431948.197,0,
2023-06-07,27221.5,27394.4,26111.0,26485.9,993149.376,0,
2023-06-09,26486.0,26775.0,25300.0,25826.6,892636.767,0,
2023-06-11,25826.6,26199.0,25600.0,25894.8,578266.031,0,
2023-06-13,25894.8,26430.5,24796.8,25115.9,899218.356,0,
2023-06-15,25115.9,26526.9,24777.0,26336.0,1007116.331,0,
2023-06-17,26335.9,26900.0,26170.8,26329.7,547715.88,0,
2023-06-19,26329.6,28397.8,26241.2,28290.6,1158710.055,0,
2023-06-21,28290.7,30822.0,28236.4,29875.0,1684526.1689999998,1,long
2023-06-23,29875.0,31500.0,29792.0,30524.2,978612.359,0,
2023-06-25,30524.2,31053.2,29890.1,30260.1,716632.51,0,
2023-06-27,30260.1,30998.5,29804.6,30066.3,822729.782,0,
2023-06-29,30066.3,31300.0,29500.0,30460.2,1191404.151,0,
2023-07-01,30460.2,30800.0,30149.9,30612.7,367386.434,0,
2023-07-03,30612.7,31395.2,30559.4,30756.1,671125.496,0,
2023-07-05,30756.1,31568.0,29818.0,29874.4,1016163.797,0,
2023-07-07,29874.3,30443.6,29680.0,30269.3,476536.147,0,
2023-07-09,30269.2,31040.0,29928.8,30396.9,591411.8,0,
2023-07-11,30396.9,30980.5,30186.0,30368.9,723963.004,0,
2023-07-13,30368.9,31850.0,29876.6,30293.3,1234715.756,0,
2023-07-15,30293.3,30441.6,30050.0,30216.8,285428.414,0,
2023-07-17,30216.9,30329.7,29400.0,29845.6,681509.844,0,
2023-07-19,29845.7,30420.0,29468.8,29791.0,708682.618,0,
2023-07-21,29791.0,30056.2,29602.2,29783.5,364521.03,0,
2023-07-23,29783.5,30368.2,28830.0,29163.8,658896.263,-1,stop_loss
2023-07-25,29163.8,29670.5,29033.0,29336.0,514966.2,0,
2023-07-27,29336.0,29558.4,29065.5,29299.9,444676.401,0,
2023-07-29,29300.0,29442.5,29006.0,29271.1,257001.972,0,
2023-07-31,29271.2,29735.0,28550.0,29701.2,672710.365,0,
2023-08-02,29701.2,30059.9,28906.3,29180.2,743693.434,0,
2023-08-04,29180.1,29323.8,28780.0,29057.7,311904.297,0,
2023-08-06,29057.7,29274.5,28682.3,29202.7,400846.879,0,
2023-08-08,29202.7,30250.0,29132.4,29572.8,821279.502,0,
2023-08-10,29572.9,29729.8,29220.0,29415.5,413590.046,0,
2023-08-12,29415.5,29470.0,29256.6,29293.3,140428.54,0,
2023-08-14,29293.3,29686.7,29050.0,29188.8,486325.342,0,
2023-08-16,29188.9,29257.4,24581.0,26609.7,1140531.358,0,
2023-08-18,26609.7,26818.0,25600.0,26088.3,724594.469,0,
2023-08-20,26088.4,26285.0,25800.0,26115.4,373595.115,0,
2023-08-22,26115.4,26806.0,25280.0,26419.2,726082.604,0,
2023-08-24,26419.2,26568.3,25754.4,26051.7,561583.831,0,
2023-08-26,26051.7,26173.6,25955.6,26087.7,150431.26,0,
2023-08-28,26087.6,28168.0,25850.4,27700.1,920225.997,0,
2023-08-30,27700.1,27758.2,25617.8,25928.0,818220.193,0,
2023-09-01,25928.0,26151.6,25312.0,25855.8,468827.788,0,
2023-09-03,25855.8,26135.2,25610.0,25814.0,306164.705,0,
2023-09-05,25814.0,26052.0,25326.0,25747.4,437762.605,0,
2023-09-07,25747.4,26451.0,25602.3,25899.8,506619.663,0,
2023-09-09,25899.9,26037.3,25508.7,25828.4,230882.223,0,
2023-09-11,25828.4,26580.0,24888.0,25825.8,1019266.052,0,
2023-09-13,25825.8,26880.0,25750.0,26510.3,715919.189,0,
2023-09-15,26510.3,26890.0,26206.6,26546.9,392139.235,0,
2023-09-17,26547.0,27397.0,26358.6,26749.9,586778.426,0,
2023-09-19,26749.9,27480.0,26653.2,27107.7,782433.1939999999,0,
2023-09-21,27107.7,27149.0,26360.1,26566.7,491527.517,0,
2023-09-23,26566.7,26739.9,26081.0,26232.4,204469.257,0,
2023-09-25,26232.4,26440.0,25965.0,26208.8,448877.005,0,
2023-09-27,26208.7,27308.7,26050.0,27011.8,782590.6980000001,0,
2023-09-29,27011.7,27231.5,26625.0,26950.9,369714.797,1,long
2023-10-01,26951.0,28613.0,26939.0,27477.6,833660.666,0,
2023-10-03,27477.7,27830.0,27123.0,27759.8,563862.2209999999,0,
2023-10-05,27759.7,28450.0,27156.0,27916.3,808635.9909999999,0,
2023-10-07,27916.3,28082.0,27671.0,27901.2,295429.452,0,
2023-10-09,27901.2,27977.0,27250.0,27381.2,554096.077,0,
2023-10-11,27381.3,27467.6,26525.0,26744.0,608465.611,-1,stop_loss
2023-10-13,26744.0,27120.8,26670.1,26836.3,325386.935,0,
2023-10-15,26836.4,30720.0,26790.4,28486.3,983004.244,0,
2023-10-17,28486.3,29100.0,28055.0,28307.1,611366.3859999999,1,long
2023-10-19,28307.2,30243.0,28076.0,29653.0,884678.534,0,
2023-10-21,29653.0,30374.6,29443.5,29981.5,456798.714,0,
2023-10-23,29981.4,35981.9,29869.4,33917.0,1909734.599,0,
2023-10-25,33917.0,35154.3,33660.6,34154.0,804920.108,0,
2023-10-27,34154.0,34535.8,33350.0,34086.6,416367.91,0,
2023-10-29,34086.7,34888.2,33933.0,34483.8,457738.898,0,
2023-10-31,34483.8,35734.0,34016.8,35437.4,741665.354,0,
2023-11-02,35437.5,35999.9,34123.0,34700.4,716269.926,0,
2023-11-04,34700.5,35455.2,34356.0,35025.5,372110.213,0,
2023-11-06,35025.5,35921.7,34520.3,35406.5,545753.165,0,
2023-11-08,35406.5,38499.9,35073.0,36719.5,1113657.386,0,
2023-11-10,36719.6,37570.0,36350.0,37162.1,458613.176,0,
2023-11-12,37162.1,37464.8,36350.0,36486.2,375965.693,0,
2023-11-14,36486.2,38000.0,34446.3,37885.6,821084.37,-1,stop_loss
2023-11-16,37885.5,37956.5,35486.1,36621.9,754387.4169999999,1,long
2023-11-18,36621.9,37528.2,36196.0,37375.9,276433.929,0,
2023-11-20,37375.8,37784.7,35720.0,35737.0,761235.1969999999,-1,stop_loss
2023-11-22,35737.0,37880.0,35610.7,37294.3,523559.549,0,
2023-11-24,37294.4,38425.0,37257.3,37766.6,433621.052,1,long
2023-11-26,37766.7,37807.6,36700.0,37234.3,439871.343,0,
2023-11-28,37234.4,38500.0,36856.0,37837.1,580058.208,0,
2023-11-30,37837.2,38989.0,37442.9,38660.0,533550.865,0,
2023-12-02,38659.9,40410.1,38613.5,39979.7,435128.216,0,
2023-12-04,39979.8,44528.1,39970.4,44081.7,1177530.9,0,
2023-12-06,44081.7,44349.8,42815.0,43296.0,730379.696,0,
2023-12-08,43296.0,44779.3,43100.0,43734.3,471220.249,0,
2023-12-10,43734.2,44099.2,40228.3,41271.0,765301.698,-1,stop_loss
2023-12-12,41271.1,43517.6,40556.0,42875.0,753251.414,0,
2023-12-14,42875.0,43450.1,41140.0,41968.0,618805.338,1,long
2023-12-16,41968.0,42756.7,41248.3,41396.5,385272.31,0,
2023-12-18,41396.6,43550.0,40553.8,42298.3,690697.519,0,
2023-12-20,42298.2,44384.6,42218.3,43896.3,653931.078,0,
2023-12-22,43896.4,44484.0,43304.2,43725.2,359134.132,0,
2023-12-24,43725.2,43994.8,42550.0,43611.9,364177.525,0,
2023-12-26,43611.9,43700.0,41597.0,43453.8,546935.216,0,
2023-12-28,43453.8,43850.0,41283.2,42095.1,594937.047,-1,stop_loss
2023-12-30,42095.1,42951.0,41550.0,42314.0,357398.95900000003,0,
2024-01-01,42314.0,44266.0,42207.9,44230.2,206424.144,0,
